timestamp_ms,can_id,data_hex
500,0x101,00 C8
500,0x102,41 C8 3D 71
500,0x103,41 4A F5 C3
1000,0x101,01 90
1000,0x102,41 C8 51 EC
1000,0x103,41 4B CE D9
1500,0x101,02 58
1500,0x102,41 CD 85 1F
1500,0x103,41 47 47 AE
2000,0x101,03 20
2000,0x102,41 D2 B8 52
2000,0x103,41 4C 35 3F
2500,0x101,03 E8
2500,0x102,41 D9 85 1F
2500,0x103,41 49 B6 46
3000,0x101,04 B0
3000,0x102,41 D8 51 EC
3000,0x103,41 4C 4D D3
3500,0x101,05 78
3500,0x102,41 DF 5C 29
3500,0x103,41 48 51 EC
4000,0x101,06 40
4000,0x102,41 E4 14 7B
4000,0x103,41 49 0E 56
4500,0x101,07 08
4500,0x102,41 E2 8F 5C
4500,0x103,41 4A 8F 5C
5000,0x101,07 D0
5000,0x102,41 E3 5C 29
5000,0x103,41 46 97 8D
5500,0x101,08 98
5500,0x102,41 E5 1E B8
5500,0x103,41 4A 62 4E
6000,0x101,09 60
6000,0x102,41 E3 70 A4
6000,0x103,41 4B A1 CB
6500,0x101,09 9E
6500,0x102,41 E2 A3 D7
6500,0x103,41 4B 0E 56
7000,0x101,09 9E
7000,0x102,41 E4 F5 C3
7000,0x103,41 47 9D B2
7500,0x101,08 D6
7500,0x102,41 E6 3D 71
7500,0x103,41 4B 1E B8
8000,0x101,08 0E
8000,0x102,41 E9 AE 14
8000,0x103,41 4C 2D 0E
8500,0x101,07 46
8500,0x102,41 F0 7A E1
8500,0x103,41 48 A3 D7
9000,0x101,06 7E
9000,0x102,41 F5 33 33
9000,0x103,41 4C 0C 4A
9500,0x101,05 BA
9500,0x102,41 F4 B8 52
9500,0x103,41 4C 1C AC
10000,0x101,05 BA
10000,0x102,41 F6 F5 C3
10000,0x103,41 4A 24 DD
10500,0x101,06 82
10500,0x102,41 FC 3D 71
10500,0x103,41 4B 68 73
11000,0x101,07 4A
11000,0x102,42 01 33 33
11000,0x103,41 4C 9F BE
11500,0x101,08 12
11500,0x102,42 02 7A E1
11500,0x103,41 47 D2 F2
12000,0x101,08 D4
12000,0x102,42 03 7A E1
12000,0x103,41 46 A3 D7
12500,0x101,08 D4
12500,0x102,42 03 8F 5C
12500,0x103,41 49 47 AE
13000,0x101,08 0C
13000,0x102,42 05 EB 85
13000,0x103,41 49 9D B2
13500,0x101,07 44
13500,0x102,42 05 B8 52
13500,0x103,41 47 BE 77
14000,0x101,06 7C
14000,0x102,42 07 14 7B
14000,0x103,41 4A D4 FE
14500,0x101,05 B4
14500,0x102,42 08 7A E1
14500,0x103,41 46 C4 9C
15000,0x101,04 EC
15000,0x102,42 08 A3 D7
15000,0x103,41 48 08 31
15500,0x101,04 24
15500,0x102,42 09 EB 85
15500,0x103,41 48 F1 AA
16000,0x101,03 5C
16000,0x102,42 0B 51 EC
16000,0x103,41 47 FB E7
16500,0x101,02 94
16500,0x102,42 0E 00 00
16500,0x103,41 4C 8B 44
17000,0x101,01 CC
17000,0x102,42 0D AE 14
17000,0x103,41 49 C6 A8
17500,0x101,01 04
17500,0x102,42 0F 66 66
17500,0x103,41 47 02 0C
18000,0x101,00 40
18000,0x102,42 10 51 EC
18000,0x103,41 47 3B 64
18500,0x101,00 40
18500,0x102,42 10 85 1F
18500,0x103,41 46 A3 D7
19000,0x101,01 08
19000,0x102,42 13 99 9A
19000,0x103,41 4B 58 10
19500,0x101,01 D0
19500,0x102,42 15 AE 14
19500,0x103,41 4A 66 66
20000,0x101,02 98
20000,0x102,42 14 F5 C3
20000,0x103,41 46 E1 48
20500,0x101,03 60
20500,0x102,42 16 00 00
20500,0x103,41 46 8B 44
21000,0x101,04 28
21000,0x102,42 16 B8 52
21000,0x103,41 4A 41 89
21500,0x101,04 F0
21500,0x102,42 19 85 1F
21500,0x103,41 4A F1 AA
22000,0x101,05 B8
22000,0x102,42 19 C2 8F
22000,0x103,41 48 97 8D
22500,0x101,06 80
22500,0x102,42 1B F5 C3
22500,0x103,41 4B 4F DF
23000,0x101,07 48
23000,0x102,42 1D B8 52
23000,0x103,41 4B 95 81
23500,0x101,08 10
23500,0x102,42 20 C2 8F
23500,0x103,41 46 6A 7F
24000,0x101,08 D8
24000,0x102,42 21 0A 3D
24000,0x103,41 48 E9 79
24500,0x101,09 A0
24500,0x102,42 22 14 7B
24500,0x103,41 48 28 F6
25000,0x101,0A 68
25000,0x102,42 22 00 00
25000,0x103,41 4B BE 77
25500,0x101,0B 30
25500,0x102,42 24 51 EC
25500,0x103,41 4C A7 F0
26000,0x101,0B F8
26000,0x102,42 25 00 00
26000,0x103,41 48 93 75
26500,0x101,0C C0
26500,0x102,42 28 1E B8
26500,0x103,41 48 8F 5C
27000,0x101,0D 88
27000,0x102,42 28 5C 29
27000,0x103,41 46 83 12
27500,0x101,0E 50
27500,0x102,42 2A D7 0A
27500,0x103,41 49 81 06
28000,0x101,0F 18
28000,0x102,42 2C 1E B8
28000,0x103,41 47 22 D1
28500,0x101,0F E0
28500,0x102,42 2C 85 1F
28500,0x103,41 47 95 81
29000,0x101,10 A8
29000,0x102,42 2D B8 52
29000,0x103,41 48 5A 1D
29500,0x101,11 70
29500,0x102,42 2E A3 D7
29500,0x103,41 46 E5 60
30000,0x101,12 38
30000,0x102,42 30 28 F6
30000,0x103,41 49 4B C7
30500,0x101,13 00
30500,0x102,42 33 5C 29
30500,0x103,41 49 53 F8
31000,0x101,13 77
31000,0x102,42 35 7A E1
31000,0x103,41 49 02 0C
31500,0x101,13 77
31500,0x102,42 36 8F 5C
31500,0x103,41 49 70 A4
32000,0x101,12 AF
32000,0x102,42 37 B8 52
32000,0x103,41 49 F3 B6
